{
  "prediction_up": 0.674686344896878,
  "prediction_down": 0.31869926292037354,
  "prediction_none": 0.0066143921827485,
  "answer_token": ">C"
}